<?xml version="1.0" encoding="UTF-8"?>
<project-private xmlns="http://www.netbeans.org/ns/project-private/1">
    <editor-bookmarks xmlns="http://www.netbeans.org/ns/editor-bookmarks/2" lastBookmarkId="0"/>
    <open-files xmlns="http://www.netbeans.org/ns/projectui-open-files/2">
        <group>
            <file>file:/C:/Users/Uriel/Documents/Documentos%20Generales%20Uriel/Cursos/Java/Java%20Programacion/CatalogoPeliculas/src/mx/com/gm/peliculas/datos/AccesoDatosImpl.java</file>
            <file>file:/C:/Users/Uriel/Documents/Documentos%20Generales%20Uriel/Cursos/Java/Java%20Programacion/CatalogoPeliculas/src/mx/com/gm/peliculas/servicio/CatalogoPeliculasImpl.java</file>
            <file>file:/C:/Users/Uriel/Documents/Documentos%20Generales%20Uriel/Cursos/Java/Java%20Programacion/CatalogoPeliculas/src/mx/com/gm/peliculas/servicio/CatalogoPeliculas.java</file>
            <file>file:/C:/Users/Uriel/Documents/Documentos%20Generales%20Uriel/Cursos/Java/Java%20Programacion/CatalogoPeliculas/peliculas.txt</file>
            <file>file:/C:/Users/Uriel/Documents/Documentos%20Generales%20Uriel/Cursos/Java/Java%20Programacion/CatalogoPeliculas/src/mx/com/gm/peliculas/domain/Pelicula.java</file>
            <file>file:/C:/Users/Uriel/Documents/Documentos%20Generales%20Uriel/Cursos/Java/Java%20Programacion/CatalogoPeliculas/src/mx/com/gm/peliculas/presentacion/CatalogoPeliculasPresentacion.java</file>
        </group>
    </open-files>
</project-private>
